WT,,
1,A,-0.03252
1,T,0
1,G,0.03252
1,C,0
2,A,-0.00639
2,T,-0.03306
2,G,0.04989
2,C,-0.01044
3,A,0.03262
3,T,-0.01465
3,G,0.01009
3,C,-0.02807
4,A,0.00101
4,T,-0.02188
4,G,0.03596
4,C,-0.01509
5,A,0.00623
5,T,-0.01392
5,G,0.00838
5,C,-0.00069
6,A,0.00086
6,T,-0.00822
6,G,0.00489
6,C,0.00247
7,A,0.00815
7,T,-0.01578
7,G,0.00681
7,C,0.00082
8,A,0.01748
8,T,-0.01493
8,G,0.00632
8,C,-0.00887
9,A,0.02099
9,T,-0.01128
9,G,0.00755
9,C,-0.01727
10,A,0.03835
10,T,-0.00891
10,G,-0.00699
10,C,-0.02245
11,A,0.03002
11,T,-0.01453
11,G,-0.00542
11,C,-0.01006
12,A,0.05079
12,T,-0.02194
12,G,-0.01045
12,C,-0.0184
13,A,0.009
13,T,-0.01559
13,G,0.00394
13,C,0.00265
14,A,0.03103
14,T,0.02807
14,G,-0.04739
14,C,-0.01172
15,A,0.01175
15,T,0.02207
15,G,-0.03124
15,C,-0.00258
16,A,0.02003
16,T,-0.03098
16,G,-0.04252
16,C,0.05346
17,A,0.05022
17,T,-0.0459
17,G,-0.02136
17,C,0.01703
18,A,-0.00741
18,T,-0.05051
18,G,-0.00456
18,C,0.06248
19,A,-0.00702
19,T,-0.03857
19,G,0.01934
19,C,0.02625
20,A,-0.01074
20,T,-0.0738
20,G,0.17355
20,C,-0.089
N,A,0.04526
N,T,-0.01087
N,G,0.02088
N,C,-0.05528
G,A,0
G,T,0
G,G,0
G,C,0
