{"cameraMode":{"drawMode":0,"name":"Shaded","section":"Shading Mode"},"sceneLighting":true,"audioPlay":false,"sceneViewState":{"showFog":true,"showMaterialUpdate":false,"showSkybox":true,"showFlares":true,"showImageEffects":true,"showParticleSystems":true},"in2DMode":false,"pivot":{"x":-2.023434638977051,"y":0.48277193307876589,"z":-9.348848342895508},"rotation":{"x":-0.0007266981992870569,"y":0.9935300946235657,"z":-0.0062676360830664639,"w":-0.11345262080430985},"size":13.174976348876954,"orthographic":false}