{"cameraMode":{"drawMode":0,"name":"Shaded","section":"Shading Mode"},"sceneLighting":true,"audioPlay":false,"sceneViewState":{"showFog":true,"showMaterialUpdate":false,"showSkybox":true,"showFlares":true,"showImageEffects":true,"showParticleSystems":true},"in2DMode":false,"pivot":{"x":-4.29447603225708,"y":-7.7332963943481449,"z":23.51057243347168},"rotation":{"x":0.15882179141044618,"y":-0.12552373111248017,"z":0.020341642200946809,"w":0.9790935516357422},"size":30.543777465820314,"orthographic":false}