{"cameraMode":{"drawMode":0,"name":"Shaded","section":"Shading Mode"},"sceneLighting":true,"audioPlay":false,"sceneViewState":{"showFog":true,"showMaterialUpdate":false,"showSkybox":true,"showFlares":true,"showImageEffects":true,"showParticleSystems":true},"in2DMode":false,"pivot":{"x":-9.202086448669434,"y":-5.12241268157959,"z":44.86106872558594},"rotation":{"x":0.0900273472070694,"y":-0.059412430971860889,"z":0.005369994789361954,"w":0.9941573739051819},"size":61.70415496826172,"orthographic":false}