{"cameraMode":{"drawMode":0,"name":"Shaded","section":"Shading Mode"},"sceneLighting":true,"audioPlay":false,"sceneViewState":{"showFog":true,"showMaterialUpdate":false,"showSkybox":true,"showFlares":true,"showImageEffects":true,"showParticleSystems":true},"in2DMode":false,"pivot":{"x":-3.0957868099212648,"y":5.207625389099121,"z":-9.562376022338868},"rotation":{"x":-0.00013012216368224472,"y":0.9995829463005066,"z":-0.028805680572986604,"w":-0.004197190050035715},"size":25.956151962280275,"orthographic":false}